ID,Pred
2023_3104_3112,0.49534958914956595
2023_3104_3124,0.2840400358410394
2023_3112_3124,0.41545273411764727
2023_3104_3151,0.6927644101829284
2023_3112_3151,0.695636338195581
2023_3124_3151,0.7037250555825145
2023_3104_3160,0.2608309691047694
2023_3112_3160,0.3919440821964189
2023_3124_3160,0.3046324306410189
2023_3151_3160,0.2852364948245372
2023_3104_3162,0.5929588006454504
2023_3112_3162,0.5970915717076813
2023_3124_3162,0.736622787094983
2023_3151_3162,0.3711935311999831
2023_3160_3162,0.7539095519510075
2023_3104_3163,0.2277689355809073
2023_3112_3163,0.3620226160756222
2023_3124_3163,0.26814599009165685
2023_3151_3163,0.03971034475149781
2023_3160_3163,0.2911284534924827
2023_3162_3163,0.18611084399825809
2023_3104_3166,0.48424614947339956
2023_3112_3166,0.6614005164685017
2023_3124_3166,0.6766464876293525
2023_3151_3166,0.298507254073309
2023_3160_3166,0.7002546002422277
2023_3162_3166,0.39325169667101506
2023_3163_3166,0.5643330164574085
2023_3104_3179,0.6041200932583723
2023_3112_3179,0.6081272891021001
2023_3124_3179,0.7460127893152365
2023_3151_3179,0.3814755997992675
2023_3160_3179,0.7626360039810278
2023_3162_3179,0.512660623616438
2023_3163_3179,0.8224162776224178
2023_3166_3179,0.6176249485640278
2023_3104_3180,0.8700287188576507
2023_3112_3180,0.7006264264054174
2023_3124_3180,0.8802291785407831
2023_3151_3180,0.5090567289040422
2023_3160_3180,0.8905314962041005
2023_3162_3180,0.6358800645991954
2023_3163_3180,0.9042114254572676
2023_3166_3180,0.8778908208754198
2023_3179_3180,0.6258747019991919
2023_3104_3181,0.4661901578028468
2023_3112_3181,0.6434374008749075
2023_3124_3181,0.6585443779574697
2023_3151_3181,0.28992701589059744
2023_3160_3181,0.6822266811526551
2023_3162_3181,0.3779599675572256
2023_3163_3181,0.5459889975607575
2023_3166_3181,0.48181075254432343
2023_3179_3181,0.3678144317020357
2023_3180_3181,0.11379731716693664
2023_3104_3186,0.6791678995409309
2023_3112_3186,0.681953349729214
2023_3124_3186,0.6910077446374889
2023_3151_3186,0.4754034497912415
2023_3160_3186,0.703357326950417
2023_3162_3186,0.6091433537976289
2023_3163_3186,0.9537415952533282
2023_3166_3186,0.6884070931716665
2023_3179_3186,0.5974419011139197
2023_3180_3186,0.4664400425557721
2023_3181_3186,0.6982053732091488
2023_3104_3193,0.6819776248262471
2023_3112_3193,0.68470327313389
2023_3124_3193,0.764648095796827
2023_3151_3193,0.4800797479936389
2023_3160_3193,0.776644720307112
2023_3162_3193,0.6124435742253901
2023_3163_3193,0.9108162534942817
2023_3166_3193,0.690998289508615
2023_3179_3193,0.601551834439482
2023_3180_3193,0.4710895772953268
2023_3181_3193,0.700602129506612
2023_3186_3193,0.5047043169200195
2023_3104_3195,0.61320288371588
2023_3112_3195,0.6170925707709832
2023_3124_3195,0.7536334728561819
2023_3151_3195,0.3904178749856722
2023_3160_3195,0.7696778307566094
2023_3162_3195,0.523262544034515
2023_3163_3195,0.8293305022765112
2023_3166_3195,0.6261896986633164
2023_3179_3195,0.5106340075844531
2023_3180_3195,0.38279407233917795
2023_3181_3195,0.6404092251306437
2023_3186_3195,0.4120899223488697
2023_3193_3195,0.4077711388942372
2023_3104_3199,0.48869406796076165
2023_3112_3199,0.4923635453660508
2023_3124_3199,0.3360189338353186
2023_3151_3199,0.3002398898587296
2023_3160_3199,0.3568711516314859
2023_3162_3199,0.39624814057140595
2023_3163_3199,0.739717932631508
2023_3166_3199,0.5034847608070905
2023_3179_3199,0.38544946638010935
2023_3180_3199,0.12376921523247787
2023_3181_3199,0.5216639362221357
2023_3186_3199,0.3136460212537931
2023_3193_3199,0.3109709739121553
2023_3195_3199,0.37664800067868687
2023_3104_3211,0.32196306006820014
2023_3112_3211,0.4512779360083964
2023_3124_3211,0.5143397062960564
2023_3151_3211,0.3153857715966223
2023_3160_3211,0.5360297350111276
2023_3162_3211,0.2597983643555525
2023_3163_3211,0.6355000045125618
2023_3166_3211,0.4590795506422579
2023_3179_3211,0.24868699841825193
2023_3180_3211,0.1382573032257598
2023_3181_3211,0.4768745321686603
2023_3186_3211,0.3304957892276551
2023_3193_3211,0.11674691093036228
2023_3195_3211,0.23973320715080992
2023_3199_3211,0.45563805728805384
2023_3104_3221,0.8814180252542242
2023_3112_3221,0.7115055084942241
2023_3124_3221,0.8903507360539645
2023_3151_3221,0.5322032267732683
2023_3160_3221,0.8995347241154107
2023_3162_3221,0.6531714856926907
2023_3163_3221,0.911536413323271
2023_3166_3221,0.8883797733491009
2023_3179_3221,0.6439430886211053
2023_3180_3221,0.5230777252540858
2023_3181_3221,0.8957294869674381
2023_3186_3221,0.5562516921299763
2023_3193_3221,0.5517177914754182
2023_3195_3221,0.6358758508065933
2023_3199_3221,0.8869212248987423
2023_3211_3221,0.8740182960211189
2023_3104_3231,0.2352455071736541
2023_3112_3231,0.3642971808934703
2023_3124_3231,0.4319560877738192
2023_3151_3231,0.2737916245521698
2023_3160_3231,0.4538184931057458
2023_3162_3231,0.18957656524181069
2023_3163_3231,0.551457153222768
2023_3166_3231,0.3719272572398976
2023_3179_3231,0.18115956392563937
2023_3180_3231,0.09855357429602377
2023_3181_3231,0.38957240866780446
2023_3186_3231,0.2838421566021047
2023_3193_3231,0.0834757924141726
2023_3195_3231,0.17430471543187653
2023_3199_3231,0.3685880974820799
2023_3211_3231,0.39652838426474596
2023_3221_3231,0.09087995140523195
2023_3104_3234,0.17964704776849644
2023_3112_3234,0.2484458484710267
2023_3124_3234,0.2221614659575106
2023_3151_3234,0.05455487968639329
2023_3160_3234,0.24223939912121167
2023_3162_3234,0.13612800872518285
2023_3163_3234,0.3629598335914178
2023_3166_3234,0.32333739274505074
2023_3179_3234,0.12803440058003915
2023_3180_3234,0.041744999243088415
2023_3181_3234,0.34063585227901777
2023_3186_3234,0.06358711646816545
2023_3193_3234,0.08257630310750227
2023_3195_3234,0.12137819375379222
2023_3199_3234,0.21010445060644695
2023_3211_3234,0.2762478672881531
2023_3221_3234,0.03676995084045068
2023_3231_3234,0.3541162047903929
2023_3104_3235,0.5037863630304604
2023_3112_3235,0.6810032042300996
2023_3124_3235,0.6962395660269485
2023_3151_3235,0.3088910274386439
2023_3160_3235,0.7195479411083172
2023_3162_3235,0.4104568531272656
2023_3163_3235,0.5814046125455024
2023_3166_3235,0.5195228268670882
2023_3179_3235,0.3992025125292124
2023_3180_3235,0.13192949629363304
2023_3181_3235,0.5368391311719205
2023_3186_3235,0.3231732932533122
2023_3193_3235,0.320305578467702
2023_3195_3235,0.3900162216484611
2023_3199_3235,0.5160498312741514
2023_3211_3235,0.5603177140204231
2023_3221_3235,0.1203521424298534
2023_3231_3235,0.646545754785993
2023_3234_3235,0.6946982102751178
2023_3104_3238,0.7103439164992036
2023_3112_3238,0.7124359272111058
2023_3124_3238,0.7191877681771024
2023_3151_3238,0.5341718026895285
2023_3160_3238,0.7282742188161659
2023_3162_3238,0.6546062132119345
2023_3163_3238,0.9680068965055512
2023_3166_3238,0.7172418149645635
2023_3179_3238,0.6454415759079084
2023_3180_3238,0.5252140836178332
2023_3181_3238,0.7245055637011663
2023_3186_3238,0.5581691263117535
2023_3193_3238,0.5536595539520373
2023_3195_3238,0.6374908887620566
2023_3199_3238,0.7157635520531088
2023_3211_3238,0.7032156564121009
2023_3221_3238,0.5019875645802953
2023_3231_3238,0.7377605467714401
2023_3234_3238,0.9561514806035496
2023_3235_3238,0.708600582291427
2023_3104_3242,0.52497573377951
2023_3112_3242,0.5295845217153721
2023_3124_3242,0.7404096590728119
2023_3151_3242,0.32104234617433464
2023_3160_3242,0.7629201497550542
2023_3162_3242,0.4300330730051859
2023_3163_3242,0.7948552817241411
2023_3166_3242,0.5405054717140083
2023_3179_3242,0.4182764644844602
2023_3180_3242,0.14372929256236738
2023_3181_3242,0.558196902884903
2023_3186_3242,0.3368613067854027
2023_3193_3242,0.3337150370539318
2023_3195_3242,0.40860009474281844
2023_3199_3242,0.5341939912252753
2023_3211_3242,0.703085120092629
2023_3221_3242,0.1308672623158221
2023_3231_3242,0.7877120187873646
2023_3234_3242,0.8377943335724763
2023_3235_3242,0.52121008135646
2023_3238_3242,0.30183721294136423
2023_3104_3243,0.3177644043896517
2023_3112_3243,0.44707709133393225
2023_3124_3243,0.5104223557253676
2023_3151_3243,0.3129411581555502
2023_3160_3243,0.5322203950962966
2023_3162_3243,0.25599846488837913
2023_3163_3243,0.6317623440246719
2023_3166_3243,0.4550164925423523
2023_3179_3243,0.24569817640328578
2023_3180_3243,0.13593086487112374
2023_3181_3243,0.47277946958153816
2023_3186_3243,0.32786746866652994
2023_3193_3243,0.11477098228662592
2023_3195_3243,0.23603380847918284
2023_3199_3243,0.451474703017912
2023_3211_3243,0.4778542569084001
2023_3221_3243,0.12390276173931707
2023_3231_3243,0.5637309822571459
2023_3234_3243,0.7202982157579774
2023_3235_3243,0.43548601833169553
2023_3238_3243,0.29494614618714193
2023_3242_3243,0.29279110271935044
2023_3104_3245,0.6325792462378192
2023_3112_3245,0.6362708304330564
2023_3124_3245,0.6481677082250326
2023_3151_3245,0.4116664748777062
2023_3160_3245,0.6647135910791468
2023_3162_3245,0.5468824008376281
2023_3163_3245,0.6873460417171574
2023_3166_3245,0.6447234334011532
2023_3179_3245,0.5344694756727111
2023_3180_3245,0.4034416750596292
2023_3181_3245,0.6579216920456014
2023_3186_3245,0.4343552288666642
2023_3193_3245,0.42991631847937806
2023_3195_3245,0.5239473954480932
2023_3199_3245,0.6421056058939284
2023_3211_3245,0.6203060517590699
2023_3221_3245,0.3833700021409883
2023_3231_3245,0.6827022152760119
2023_3234_3245,0.9048261180422114
2023_3235_3245,0.6298131715539365
2023_3238_3245,0.38175139137574543
2023_3242_3245,0.6123081009830195
2023_3243_3245,0.6237509114758054
2023_3104_3257,0.45171842566393755
2023_3112_3257,0.3833188822442448
2023_3124_3257,0.6443476242375749
2023_3151_3257,0.2833114243169834
2023_3160_3257,0.6678905239343649
2023_3162_3257,0.3661982760643473
2023_3163_3257,0.5862662834778676
2023_3166_3257,0.2944969704247691
2023_3179_3257,0.3565812660293861
2023_3180_3257,0.10762621006733179
2023_3181_3257,0.31278050130612767
2023_3186_3257,0.2945015424561025
2023_3193_3257,0.29224676869852745
2023_3195_3257,0.34872029787368636
2023_3199_3257,0.46372175161576223
2023_3211_3257,0.6088816634959967
2023_3221_3257,0.09883378307311927
2023_3231_3257,0.6960712420648086
2023_3234_3257,0.7558172610189277
2023_3235_3257,0.2756665304899447
2023_3238_3257,0.2701433381653246
2023_3242_3257,0.4277636880685419
2023_3243_3257,0.6130430150135142
2023_3245_3257,0.33221654243003457
2023_3104_3261,0.2156113790716708
2023_3112_3261,0.3501388776155891
2023_3124_3261,0.2555364914648178
2023_3151_3261,0.036530057427526394
2023_3160_3261,0.2781006706705029
2023_3162_3261,0.17523932472605588
2023_3163_3261,0.4866986961386397
2023_3166_3261,0.4242490863868432
2023_3179_3261,0.16898675683616043
2023_3180_3261,0.09147319962000487
2023_3181_3261,0.4412641184513298
2023_3186_3261,0.042258895993759295
2023_3193_3261,0.08409595724201552
2023_3195_3261,0.1624809563135345
2023_3199_3261,0.24794037805152172
2023_3211_3261,0.3528835810515944
2023_3221_3261,0.08469863011499211
2023_3231_3261,0.43540508667356703
2023_3234_3261,0.6240927650548639
2023_3235_3261,0.40665332062024806
2023_3238_3261,0.02938482076476164
2023_3242_3261,0.19380059964422436
2023_3243_3261,0.3565081784846164
2023_3245_3261,0.30527364110811783
2023_3257_3261,0.4014440333616709
2023_3104_3263,0.7036158547435483
2023_3112_3263,0.705878658936396
2023_3124_3263,0.7131533360850794
2023_3151_3263,0.520188804874532
2023_3160_3263,0.7229654512704468
2023_3162_3263,0.644356537156389
2023_3163_3263,0.7358353535903819
2023_3166_3263,0.7110657181781376
2023_3179_3263,0.6347224122264681
2023_3180_3263,0.5111647727585117
2023_3181_3263,0.7187409308233736
2023_3186_3263,0.5445139206172376
2023_3193_3263,0.5399144373034934
2023_3195_3263,0.6263236825728725
2023_3199_3263,0.7094676838914238
2023_3211_3263,0.6958038017912247
2023_3221_3263,0.4878818888724898
2023_3231_3263,0.7332462838932148
2023_3234_3263,0.9520187872807349
2023_3235_3263,0.7016188865469037
2023_3238_3263,0.4859057656101915
2023_3242_3263,0.6906133847395519
2023_3243_3263,0.6980049453614173
2023_3245_3263,0.6063020704726382
2023_3257_3263,0.7247186667951063
2023_3261_3263,0.7398833505691957
2023_3104_3266,0.5294346386822117
2023_3112_3266,0.5340258115604641
2023_3124_3266,0.6139988760478765
2023_3151_3266,0.3238135770012844
2023_3160_3266,0.6366150770869917
2023_3162_3266,0.43430339248305394
2023_3163_3266,0.6480044378312839
2023_3166_3266,0.6129048623096853
2023_3179_3266,0.4223255643213168
2023_3180_3266,0.31831671288605395
2023_3181_3266,0.6289704961197424
2023_3186_3266,0.33996804003893977
2023_3193_3266,0.336717857446894
2023_3195_3266,0.41266180998720264
2023_3199_3266,0.5415283383605304
2023_3211_3266,0.5785752441997704
2023_3221_3266,0.30521529130771446
2023_3231_3266,0.6626646227746612
2023_3234_3266,0.8046125584768403
2023_3235_3266,0.595335131977083
2023_3238_3266,0.3041927856224943
2023_3242_3266,0.5045027901120195
2023_3243_3266,0.5827081184374437
2023_3245_3266,0.3914863281108134
2023_3257_3266,0.6408620548985494
2023_3261_3266,0.6592076470116545
2023_3263_3266,0.31186214955027863
2023_3104_3267,0.6646072507889936
2023_3112_3267,0.6679011262065538
2023_3124_3267,0.7491396403025254
2023_3151_3267,0.4537303488588195
2023_3160_3267,0.762779811469483
2023_3162_3267,0.5887112347708036
2023_3163_3267,0.899291043997133
2023_3166_3267,0.6750538586106447
2023_3179_3267,0.5771115008013755
2023_3180_3267,0.44461830963609866
2023_3181_3267,0.6860719561026876
2023_3186_3267,0.4776455743384573
2023_3193_3267,0.47297652619001024
2023_3195_3267,0.5671625955862774
2023_3199_3267,0.6728451885321808
2023_3211_3267,0.8701487376079747
2023_3221_3267,0.42257136737929457
2023_3231_3267,0.9078116673108357
2023_3234_3267,0.9063032859930075
2023_3235_3267,0.6624670682509887
2023_3238_3267,0.42075347530970375
2023_3242_3267,0.6474012779061656
2023_3243_3267,0.8723016049792733
2023_3245_3267,0.5441877651082635
2023_3257_3267,0.6941374167546384
2023_3261_3267,0.9051683103790057
2023_3263_3267,0.433914904985122
2023_3266_3267,0.6440900884554456
2023_3104_3268,0.48953679108118375
2023_3112_3268,0.4941809057875417
2023_3124_3268,0.5744815018516545
2023_3151_3268,0.30119123550220334
2023_3160_3268,0.5980384732207121
2023_3162_3268,0.39783423673480267
2023_3163_3268,0.6119357990998033
2023_3166_3268,0.5768182768986909
2023_3179_3268,0.3870149864183032
2023_3180_3268,0.29661352089600995
2023_3181_3268,0.5933098159504215
2023_3186_3268,0.3147028305451839
2023_3193_3268,0.31199514390387123
2023_3195_3268,0.37812909200152395
2023_3199_3268,0.5018161657294565
2023_3211_3268,0.5386569500993045
2023_3221_3268,0.2858708868881824
2023_3231_3268,0.62588858197869
2023_3234_3268,0.7690094142761111
2023_3235_3268,0.5588543515770454
2023_3238_3268,0.28504428049517994
2023_3242_3268,0.4646518746414454
2023_3243_3268,0.5429046862005222
2023_3245_3268,0.35920758419666265
2023_3257_3268,0.6015434710173077
2023_3261_3268,0.6242899056885902
2023_3263_3268,0.29131807644486957
2023_3266_3268,0.4602724552403018
2023_3267_3268,0.3282326993708077
2023_3104_3276,0.5308414874636901
2023_3112_3276,0.5380700525430232
2023_3124_3276,0.38079080734024984
2023_3151_3276,0.32645121983535624
2023_3160_3276,0.4032075894663671
2023_3162_3276,0.4381876094400236
2023_3163_3276,0.7810253094530711
2023_3166_3276,0.5489318517937416
2023_3179_3276,0.4262357775166406
2023_3180_3276,0.14870150830907788
2023_3181_3276,0.5663565009096851
2023_3186_3276,0.34274258517913647
2023_3193_3276,0.33949757222682814
2023_3195_3276,0.416407447230194
2023_3199_3276,0.5455400153861153
2023_3211_3276,0.5900689322942592
2023_3221_3276,0.1353961304879095
2023_3231_3276,0.6734365869248621
2023_3234_3276,0.8243491681272536
2023_3235_3276,0.5297413419779197
2023_3238_3276,0.3063809829313076
2023_3242_3276,0.5079377414133714
2023_3243_3276,0.5942665975509747
2023_3245_3276,0.39507613374820727
2023_3257_3276,0.5801713910959481
2023_3261_3276,0.7921771873239316
2023_3263_3276,0.3147471715299292
2023_3266_3276,0.5041214557952511
2023_3267_3276,0.3590248351205038
2023_3268_3276,0.5437709425995109
2023_3104_3277,0.5183463825988543
2023_3112_3277,0.5245449445690984
2023_3124_3277,0.3676118905012181
2023_3151_3277,0.3180053453602742
2023_3160_3277,0.39050292405462217
2023_3162_3277,0.42528417913826233
2023_3163_3277,0.7693566328776942
2023_3166_3277,0.5354776079463359
2023_3179_3277,0.41366765276832124
2023_3180_3277,0.1407005468550044
2023_3181_3277,0.553307988006607
2023_3186_3277,0.3334893697132311
2023_3193_3277,0.3304004646213276
2023_3195_3277,0.4040688681717822
2023_3199_3277,0.5321093992246175
2023_3211_3277,0.5764310887025463
2023_3221_3277,0.12818170201353316
2023_3231_3277,0.6613170061742438
2023_3234_3277,0.8145051036551512
2023_3235_3277,0.5161494449528187
2023_3238_3277,0.29924650327854163
2023_3242_3277,0.4953176850787836
2023_3243_3277,0.580690466841413
2023_3245_3277,0.38339294264300294
2023_3257_3277,0.5676406952833828
2023_3261_3277,0.7807214539748745
2023_3263_3277,0.3065686264777458
2023_3266_3277,0.4904238571334102
2023_3267_3277,0.3488589091940611
2023_3268_3277,0.530436385966919
2023_3276_3277,0.48630357979628464
2023_3104_3279,0.47056815788221706
2023_3112_3279,0.6476695817622562
2023_3124_3279,0.6627578047575552
2023_3151_3279,0.29100279729524703
2023_3160_3279,0.6864232689933176
2023_3162_3279,0.3813962962593614
2023_3163_3279,0.5500035912474303
2023_3166_3279,0.4859770385948905
2023_3179_3279,0.37112082812004354
2023_3180_3279,0.11563273003396816
2023_3181_3279,0.5041810748557167
2023_3186_3279,0.3040090311812865
2023_3193_3279,0.30155119481838283
2023_3195_3279,0.3627935600258346
2023_3199_3279,0.48250496043712654
2023_3211_3279,0.5271944055890703
2023_3221_3279,0.10589554816928068
2023_3231_3279,0.6145202740336462
2023_3234_3279,0.6633951856482598
2023_3235_3279,0.46654898173664233
2023_3238_3279,0.27712094416680355
2023_3242_3279,0.4458400980502476
2023_3243_3279,0.5313255324467409
2023_3245_3279,0.3449229433533589
2023_3257_3279,0.6914367516078364
2023_3261_3279,0.5626704312349443
2023_3263_3279,0.28274324254465544
2023_3266_3279,0.37467081672125835
2023_3267_3279,0.31599277334003
2023_3268_3279,0.4104681408940577
2023_3276_3279,0.43755002445863705
2023_3277_3279,0.450750674532814
2023_3104_3292,0.588542020029687
2023_3112_3292,0.5920887316257337
2023_3124_3292,0.6753994253918804
2023_3151_3292,0.3673089779795397
2023_3160_3292,0.6951346076185461
2023_3162_3292,0.49508688534943307
2023_3163_3292,0.7151597693756541
2023_3166_3292,0.4299039370113647
2023_3179_3292,0.48241815427972123
2023_3180_3292,0.36031303871005005
2023_3181_3292,0.4452203284945788
2023_3186_3292,0.38745592801272477
2023_3193_3292,0.3834653049009881
2023_3195_3292,0.4718672919012499
2023_3199_3292,0.5994933187819352
2023_3211_3292,0.6431424048737977
2023_3221_3292,0.3433439044763992
2023_3231_3292,0.7170326447479435
2023_3234_3292,0.8299542468718046
2023_3235_3292,0.4123857665866243
2023_3238_3292,0.3419877747769629
2023_3242_3292,0.5653556646064704
2023_3243_3292,0.6470537521338199
2023_3245_3292,0.4483386264482393
2023_3257_3292,0.695387804075462
2023_3261_3292,0.7239887085104246
2023_3263_3292,0.3519980814132177
2023_3266_3292,0.5614440192437544
2023_3267_3292,0.4068544652714343
2023_3268_3292,0.597910689021226
2023_3276_3292,0.557118838288806
2023_3277_3292,0.5701600632484758
2023_3279_3292,0.4417526488492758
2023_3104_3301,0.24447550030128218
2023_3112_3301,0.37833581590116766
2023_3124_3301,0.2853397062969986
2023_3151_3301,0.04434178439565651
2023_3160_3301,0.30873123448773915
2023_3162_3301,0.19889237313695549
2023_3163_3301,0.51771552304202
2023_3166_3301,0.45365544817160897
2023_3179_3301,0.18968262754185328
2023_3180_3301,0.10208077546065678
2023_3181_3301,0.4712986533917007
2023_3186_3301,0.05152153796082219
2023_3193_3301,0.0965600637142301
2023_3195_3301,0.18232818634661146
2023_3199_3301,0.2773891594354547
2023_3211_3301,0.3805748083889224
2023_3221_3301,0.09396760035344998
2023_3231_3301,0.4661385980828197
2023_3234_3301,0.6542358264119915
2023_3235_3301,0.43499695030006497
2023_3238_3301,0.03579185117183854
2023_3242_3301,0.22124281586602262
2023_3243_3301,0.38448531275951
2023_3245_3301,0.3231234997266461
2023_3257_3301,0.4311411208073857
2023_3261_3301,0.5309398569894697
2023_3263_3301,0.27002226675213825
2023_3266_3301,0.3676721037459757
2023_3267_3301,0.10922729264659566
2023_3268_3301,0.4051058282187091
2023_3276_3301,0.23451571664207635
2023_3277_3301,0.24613910201180708
2023_3279_3301,0.467208793673582
2023_3292_3301,0.2975051044955596
2023_3104_3304,0.5227137845786706
2023_3112_3304,0.4479598947425193
2023_3124_3304,0.7154144345101039
2023_3151_3304,0.31952892138703926
2023_3160_3304,0.7381544168693741
2023_3162_3304,0.4278680774218599
2023_3163_3304,0.6496647444655245
2023_3166_3304,0.36559450983968506
2023_3179_3304,0.41615134745024046
2023_3180_3304,0.14235031269657009
2023_3181_3304,0.38339747575057265
2023_3186_3304,0.3353092340886159
2023_3193_3304,0.3321996959523789
2023_3195_3304,0.4065373722234662
2023_3199_3304,0.5348232261166124
2023_3211_3304,0.6792793215410119
2023_3221_3304,0.12967423600004707
2023_3231_3304,0.7641389320748635
2023_3234_3304,0.8190002749422297
2023_3235_3304,0.3464104966951737
2023_3238_3304,0.30065137650036766
2023_3242_3304,0.4976970446084328
2023_3243_3304,0.6835222486831962
2023_3245_3304,0.38566487651216896
2023_3257_3304,0.39796061824999174
2023_3261_3304,0.6605278879206452
2023_3263_3304,0.3080536473022569
2023_3266_3304,0.4286887911924174
2023_3267_3304,0.3507701650003935
2023_3268_3304,0.4685271441544699
2023_3276_3304,0.48907535151846715
2023_3277_3304,0.5027772805963975
2023_3279_3304,0.3796209087016127
2023_3292_3304,0.3616114638460867
2023_3301_3304,0.6346143196813194
2023_3104_3313,0.7145686956883579
2023_3112_3313,0.7165651364952205
2023_3124_3313,0.7229912659785346
2023_3151_3313,0.543467496484797
2023_3160_3313,0.731621267023942
2023_3162_3313,0.6610942422506091
2023_3163_3313,0.7430399013350758
2023_3166_3313,0.7213291075381504
2023_3179_3313,0.6538904949775683
2023_3180_3313,0.5345827566511947
2023_3181_3313,0.7280191476784887
2023_3186_3313,0.5671497276966025
2023_3193_3313,0.5627059338739102
2023_3195_3313,0.6445485037115023
2023_3199_3313,0.7197432852605027
2023_3211_3313,0.7075460942592764
2023_3221_3313,0.5114506757314013
2023_3231_3313,0.7404243688737053
2023_3234_3313,0.9587698192234145
2023_3235_3313,0.7129031526333639
2023_3238_3313,0.5094641700874899
2023_3242_3313,0.7030230142075822
2023_3243_3313,0.7067423017623458
2023_3245_3313,0.6259982896049013
2023_3257_3313,0.733221765554137
2023_3261_3313,0.7462234084847511
2023_3263_3313,0.5235232811356887
2023_3266_3313,0.7005040967251946
2023_3267_3313,0.5879146729382853
2023_3268_3313,0.7190741538542929
2023_3276_3313,0.6986285216530107
2023_3277_3313,0.7055589976800447
2023_3279_3313,0.7265033444283768
2023_3292_3313,0.664318034656448
2023_3301_3313,0.7377855998448656
2023_3304_3313,0.7041136100769579
2023_3104_3314,0.4868924062725443
2023_3112_3314,0.4915328301007724
2023_3124_3314,0.7028027885573407
2023_3151_3314,0.2998209516600653
2023_3160_3314,0.7247561109084183
2023_3162_3314,0.39552826405599595
2023_3163_3314,0.7600615859178076
2023_3166_3314,0.5026535581276942
2023_3179_3314,0.3847550359227574
2023_3180_3314,0.1234146796418578
2023_3181_3314,0.5208367771669686
2023_3186_3314,0.3131719789526238
2023_3193_3314,0.3105064906689686
2023_3195_3314,0.3759733345475903
2023_3199_3314,0.4992309374272719
2023_3211_3314,0.6650377536883793
2023_3221_3314,0.11275496366252177
2023_3231_3314,0.7523786851921108
2023_3234_3314,0.8109185343589023
2023_3235_3314,0.48311585675815044
2023_3238_3314,0.2839089961759748
2023_3242_3314,0.46211303861705944
2023_3243_3314,0.6692787202376609
2023_3245_3314,0.35720427727374154
2023_3257_3314,0.5354294203421659
2023_3261_3314,0.7724848943535216
2023_3263_3314,0.29009089832590856
2023_3266_3314,0.45767441274460535
2023_3267_3314,0.32654006062450686
2023_3268_3314,0.49735428225873657
2023_3276_3314,0.45730825959168603
2023_3277_3314,0.4697016344098149
2023_3279_3314,0.5166764996401336
2023_3292_3314,0.3998147544666922
2023_3301_3314,0.7430392932789495
2023_3304_3314,0.46433080936051074
2023_3313_3314,0.2800249912274644
2023_3104_3323,0.2415249487721141
2023_3112_3323,0.1821996074554094
2023_3124_3323,0.4546624916219812
2023_3151_3323,0.06173083503422451
2023_3160_3323,0.47792395315937186
2023_3162_3323,0.19645537285230003
2023_3163_3323,0.4898286414450201
2023_3166_3323,0.3171786711934055
2023_3179_3323,0.18737482127359978
2023_3180_3323,0.10085956758076739
2023_3181_3323,0.3336731343222229
2023_3186_3323,0.07179437466669165
2023_3193_3323,0.0951326384526101
2023_3195_3323,0.1800922777261507
2023_3199_3323,0.6193114871936206
2023_3211_3323,0.37743725099474074
2023_3221_3323,0.09289812260164867
2023_3231_3323,0.4631477242826672
2023_3234_3323,0.5765471311697089
2023_3235_3323,0.29999413165820277
2023_3238_3323,0.04969738209370344
2023_3242_3323,0.21805071720731475
2023_3243_3323,0.38133534136296166
2023_3245_3323,0.07488209172151788
2023_3257_3323,0.3524238320377528
2023_3261_3323,0.502564725628853
2023_3263_3323,0.03831415962502036
2023_3266_3323,0.24752612383580885
2023_3267_3323,0.10761263304416158
2023_3268_3323,0.2825979468485243
2023_3276_3323,0.5765634958843026
2023_3277_3323,0.5889987476531129
2023_3279_3323,0.32997433213196675
2023_3292_3323,0.11701880124454686
2023_3301_3323,0.4727493260823106
2023_3304_3323,0.286668471086598
2023_3313_3323,0.033015015746511514
2023_3314_3323,0.25376559252019804
2023_3104_3326,0.2295014865050587
2023_3112_3326,0.17317412565901322
2023_3124_3326,0.4424910046410693
2023_3151_3326,0.057018974624249034
2023_3160_3326,0.4654848857847543
2023_3162_3326,0.18755558053858368
2023_3163_3326,0.4777555094668503
2023_3166_3326,0.3060665532520012
2023_3179_3326,0.17879984731614793
2023_3180_3326,0.09642377574282869
2023_3181_3326,0.32224552533115475
2023_3186_3326,0.06669685185682349
2023_3193_3326,0.08992445412719247
2023_3195_3326,0.1718560465510198
2023_3199_3326,0.6071384480842452
2023_3211_3326,0.3660293256606
2023_3221_3326,0.08901812687185731
2023_3231_3326,0.4506626853188859
2023_3234_3326,0.5647104147827641
2023_3235_3326,0.2891608954399571
2023_3238_3326,0.0458591991084492
2023_3242_3326,0.2068989263112928
2023_3243_3326,0.3698123248004964
2023_3245_3326,0.06964147711070162
2023_3257_3326,0.34035618005713847
2023_3261_3326,0.4906421443834009
2023_3263_3326,0.035395012210936085
2023_3266_3326,0.2371249321094206
2023_3267_3326,0.10158283429094084
2023_3268_3326,0.2713395966072745
2023_3276_3326,0.5656425045887742
2023_3277_3326,0.5775460486222806
2023_3279_3326,0.31849797536195684
2023_3292_3326,0.10981810333646944
2023_3301_3326,0.4606728072568614
2023_3304_3326,0.27490576931132243
2023_3313_3326,0.030497508886388636
2023_3314_3326,0.24181058865872018
2023_3323_3326,0.4874331807260631
2023_3104_3328,0.2818320515006364
2023_3112_3328,0.4132692562428698
2023_3124_3328,0.3258690255391186
2023_3151_3328,0.2952020248948699
2023_3160_3328,0.34953396109509444
2023_3162_3328,0.261774399458719
2023_3163_3328,0.7298834280187732
2023_3166_3328,0.3211647733259047
2023_3179_3328,0.2524401073910732
2023_3180_3328,0.118903110051493
2023_3181_3328,0.3393471152525915
2023_3186_3328,0.3078649244131387
2023_3193_3328,0.23423337035863404
2023_3195_3328,0.24487683015654405
2023_3199_3328,0.6622680820468648
2023_3211_3328,0.48370504329668623
2023_3221_3328,0.10877709964055125
2023_3231_3328,0.5661070310648832
2023_3234_3328,0.77611098534629
2023_3235_3328,0.301662839059326
2023_3238_3328,0.2799722007491525
2023_3242_3328,0.2574219324788604
2023_3243_3328,0.48762401079041934
2023_3245_3328,0.35027093515562907
2023_3257_3328,0.35345683873075157
2023_3261_3328,0.7425098941197713
2023_3263_3328,0.2859303609370782
2023_3266_3328,0.3839406636269365
2023_3267_3328,0.24956512277203663
2023_3268_3328,0.4233735305568326
2023_3276_3328,0.6171960938940827
2023_3277_3328,0.6304167643336492
2023_3279_3328,0.33518448424955594
2023_3292_3328,0.32278665969231923
2023_3301_3328,0.7126624014221536
2023_3304_3328,0.28260182031090514
2023_3313_3328,0.27625036958940524
2023_3314_3328,0.29479127641233543
2023_3323_3328,0.5432984922471891
2023_3326_3328,0.5554708351040165
2023_3104_3333,0.2877064464729858
2023_3112_3333,0.42040932512231866
2023_3124_3333,0.32915841583366817
2023_3151_3333,0.057961399875565596
2023_3160_3333,0.3528010045891924
2023_3162_3333,0.2341856783571057
2023_3163_3333,0.5608886579829131
2023_3166_3333,0.4969224229633445
2023_3179_3333,0.2235521495676799
2023_3180_3333,0.12064665985859478
2023_3181_3333,0.5149383927050561
2023_3186_3333,0.06695787545152397
2023_3193_3333,0.11812329651992448
2023_3195_3333,0.2149703175639571
2023_3199_3333,0.32101166387297553
2023_3211_3333,0.422630273936595
2023_3221_3333,0.11031514541848068
2023_3231_3333,0.5093132519520907
2023_3234_3333,0.6956764723608011
2023_3235_3333,0.4776086895391213
2023_3238_3333,0.04709606763453725
2023_3242_3333,0.2634782199733695
2023_3243_3333,0.4267595084816566
2023_3245_3333,0.35293645841077903
2023_3257_3333,0.4718777204753242
2023_3261_3333,0.5734761848296461
2023_3263_3333,0.28749562271234214
2023_3266_3333,0.40900428722717913
2023_3267_3333,0.13382021813841363
2023_3268_3333,0.44831251299270736
2023_3276_3333,0.2756584187051059
2023_3277_3333,0.28877534827400453
2023_3279_3333,0.5108102805302642
2023_3292_3333,0.33221597872114816
2023_3301_3333,0.5437188089673345
2023_3304_3333,0.4049917620449386
2023_3313_3333,0.27776412348940627
2023_3314_3333,0.30091167056915596
2023_3323_3333,0.5692945014114851
2023_3326_3333,0.5809630517706544
2023_3328_3333,0.33119275713198965
2023_3104_3339,0.6452270851453616
2023_3112_3339,0.6486540955391151
2023_3124_3339,0.7311523857196337
2023_3151_3339,0.4266982646587633
2023_3160_3339,0.7465507875077709
2023_3162_3339,0.5627557620951291
2023_3163_3339,0.8855770283172044
2023_3166_3339,0.6566002435301245
2023_3179_3339,0.5505856650636984
2023_3180_3339,0.4182987607871962
2023_3181_3339,0.668459043873348
2023_3186_3339,0.450160347875789
2023_3193_3339,0.4456128006997823
2023_3195_3339,0.5402220129790339
2023_3199_3339,0.6541418096046808
2023_3211_3339,0.8550899866744492
2023_3221_3339,0.397402282065837
2023_3231_3339,0.8974791724319257
2023_3234_3339,0.8930600509671146
2023_3235_3339,0.6420389186422041
2023_3238_3339,0.39572040157160115
2023_3242_3339,0.625913940556141
2023_3243_3339,0.8574681811920289
2023_3245_3339,0.5164620402927815
2023_3257_3339,0.6781476795485518
2023_3261_3339,0.8923530992851076
2023_3263_3339,0.4080295256396424
2023_3266_3339,0.6222718477633609
2023_3267_3339,0.47214250904808674
2023_3268_3339,0.6528606614374296
2023_3276_3339,0.6190037964897205
2023_3277_3339,0.6299732259700231
2023_3279_3339,0.6660892414548611
2023_3292_3339,0.5674146224839921
2023_3301_3339,0.8758264535494935
2023_3304_3339,0.6277428209465414
2023_3313_3339,0.38762714725976305
2023_3314_3339,0.6547299690817163
2023_3323_3339,0.87771409456177
2023_3326_3339,0.8845813029611429
2023_3328_3339,0.7326143402510685
2023_3333_3339,0.8479777610758034
2023_3104_3342,0.9224587422202671
2023_3112_3342,0.7514595264547724
2023_3124_3342,0.9268399353717094
2023_3151_3342,0.6415316970508863
2023_3160_3342,0.9312528840882681
2023_3162_3342,0.7207956663192671
2023_3163_3342,0.9368908910396544
2023_3166_3342,0.9258837546494224
2023_3179_3342,0.7155479572127506
2023_3180_3342,0.6337146707383804
2023_3181_3342,0.929360610798189
2023_3186_3342,0.6593399573152973
2023_3193_3342,0.6560805989872336
2023_3195_3342,0.7108763619528042
2023_3199_3342,0.9250948985796248
2023_3211_3342,0.9187752279931891
2023_3221_3342,0.6151375962074724
2023_3231_3342,0.935768020527433
2023_3234_3342,0.9804076474392435
2023_3235_3342,0.9215262148441735
2023_3238_3342,0.6142166145981813
2023_3242_3342,0.9163053587296411
2023_3243_3342,0.9198189164281336
2023_3245_3342,0.6992260589685717
2023_3257_3342,0.9320289149904213
2023_3261_3342,0.938629634140782
2023_3263_3342,0.6259809041176455
2023_3266_3342,0.7430847451911821
2023_3267_3342,0.6739999448426494
2023_3268_3342,0.7527531238692715
2023_3276_3342,0.9139393056971709
2023_3277_3342,0.9175906145071114
2023_3279_3342,0.9286496767762407
2023_3292_3342,0.7227323754216012
2023_3301_3342,0.9343232326153673
2023_3304_3342,0.9169095059160416
2023_3313_3342,0.6061595593873375
2023_3314_3342,0.9253299551856934
2023_3323_3342,0.934818646047955
2023_3326_3342,0.9366341167090583
2023_3328_3342,0.9272717584559393
2023_3333_3342,0.926519171057908
2023_3339_3342,0.697979325642677
2023_3104_3343,0.5482505587631529
2023_3112_3343,0.5568769184782245
2023_3124_3343,0.3992117239248177
2023_3151_3343,0.339061412490488
2023_3160_3343,0.420857208308619
2023_3162_3343,0.4568478770565378
2023_3163_3343,0.7970455450159755
2023_3166_3343,0.5674708538792879
2023_3179_3343,0.4445590048946445
2023_3180_3343,0.1608826426751308
2023_3181_3343,0.5843834116318445
2023_3186_3343,0.35664370295657993
2023_3193_3343,0.35325296461327377
2023_3195_3343,0.43442825917671524
2023_3199_3343,0.5641676862831451
2023_3211_3343,0.6091719780031487
2023_3221_3343,0.14634832302953288
2023_3231_3343,0.6898436327839442
2023_3234_3343,0.8376196605902212
2023_3235_3343,0.5487299136714433
2023_3238_3343,0.31730595711326093
2023_3242_3343,0.5256701967633204
2023_3243_3343,0.6132862050746314
2023_3245_3343,0.4121543694375671
2023_3257_3343,0.5976406407677901
2023_3261_3343,0.8075590502175316
2023_3263_3343,0.3258353961941959
2023_3266_3343,0.5234132047649636
2023_3267_3343,0.37406477264135607
2023_3268_3343,0.5624433576153745
2023_3276_3343,0.5193112108735749
2023_3277_3343,0.5329021535855951
2023_3279_3343,0.5805543586053089
2023_3292_3343,0.461668373324862
2023_3301_3343,0.7823157802402607
2023_3304_3343,0.530156463543725
2023_3313_3343,0.31178507302060554
2023_3314_3343,0.5598136526493983
2023_3323_3343,0.4400864348909107
2023_3326_3343,0.45057375933951427
2023_3328_3343,0.40117475714810474
2023_3333_3343,0.7427407765982954
2023_3339_3343,0.3975088765489234
2023_3342_3343,0.09177971186018571
2023_3104_3349,0.6617747950596693
2023_3112_3349,0.6648983465058143
2023_3124_3349,0.6750921418428135
2023_3151_3349,0.44884711824358
2023_3160_3349,0.6891017426955852
2023_3162_3349,0.5844831589582822
2023_3163_3349,0.9455075144606799
2023_3166_3349,0.6721343685811241
2023_3179_3349,0.572776788214804
2023_3180_3349,0.4401339300654194
2023_3181_3349,0.6832370223238581
2023_3186_3349,0.47301791748715416
2023_3193_3349,0.46836359354443824
2023_3195_3349,0.5627439411059788
2023_3199_3349,0.6699002321852561
2023_3211_3349,0.65099485741715
2023_3221_3349,0.4183256023039467
2023_3231_3349,0.7040889275484379
2023_3234_3349,0.9248784967502663
2023_3235_3349,0.6591781765561513
2023_3238_3349,0.4164707646850142
2023_3242_3349,0.6439750986761775
2023_3243_3349,0.6540081923901782
2023_3245_3349,0.5395230948830074
2023_3257_3349,0.6916281541541475
2023_3261_3349,0.9497192012680027
2023_3263_3349,0.429558805326755
2023_3266_3349,0.640598486491811
2023_3267_3349,0.49533892041703464
2023_3268_3349,0.6687285985152321
2023_3276_3349,0.6374286574788169
2023_3277_3349,0.6477264346364624
2023_3279_3349,0.6807739272330472
2023_3292_3349,0.5889436283776965
2023_3301_3349,0.9394195881643868
2023_3304_3349,0.6456782080058417
2023_3313_3349,0.4079052053192226
2023_3314_3349,0.6704355527239922
2023_3323_3349,0.91548282335038
2023_3326_3349,0.9216182199530873
2023_3328_3349,0.6767048071642803
2023_3333_3349,0.921852715326505
2023_3339_3349,0.5232398257341451
2023_3342_3349,0.3230688653393945
2023_3343_3349,0.6221419604474211
2023_3104_3350,0.6107038955490506
2023_3112_3350,0.6146272160935593
2023_3124_3350,0.6920849198222014
2023_3151_3350,0.38790173407579
2023_3160_3350,0.7103233263387262
2023_3162_3350,0.5203842659584418
2023_3163_3350,0.7136134137467208
2023_3166_3350,0.6849886990414661
2023_3179_3350,0.507678823424142
2023_3180_3350,0.3803385654381311
2023_3181_3350,0.6981047109923869
2023_3186_3350,0.40883734004033967
2023_3193_3350,0.4052415745161157
2023_3195_3350,0.4970409073310306
2023_3199_3350,0.6209608360300531
2023_3211_3350,0.6617972248307868
2023_3221_3350,0.36183418702818476
2023_3231_3350,0.7304418821725925
2023_3234_3350,0.8685193852737251
2023_3235_3350,0.6700629450968972
2023_3238_3350,0.36034324151504266
2023_3242_3350,0.5887574671796842
2023_3243_3350,0.6655203901722407
2023_3245_3350,0.4731129526051085
2023_3257_3350,0.7136645023446002
2023_3261_3350,0.7222127641359236
2023_3263_3350,0.371294234734231
2023_3266_3350,0.5846970339413147
2023_3267_3350,0.4300391215658514
2023_3268_3350,0.6194763280586589
2023_3276_3350,0.5808887504166665
2023_3277_3350,0.5933258506608593
2023_3279_3350,0.6951630745249829
2023_3292_3350,0.5252148157581851
2023_3301_3350,0.7018516212796305
2023_3304_3350,0.6553151589419043
2023_3313_3350,0.353203660567268
2023_3314_3350,0.6216423982384095
2023_3323_3350,0.8175449087363575
2023_3326_3350,0.8256695052995425
2023_3328_3350,0.693770729645543
2023_3333_3350,0.6690013788346584
2023_3339_3350,0.4568765286023476
2023_3342_3350,0.28776867662846994
2023_3343_3350,0.5627617733737893
2023_3349_3350,0.4344403641758165
2023_3104_3355,0.5968510270921848
2023_3112_3355,0.6009395860421918
2023_3124_3355,0.7399120051256742
2023_3151_3355,0.37471023539712334
2023_3160_3355,0.7569711553599141
2023_3162_3355,0.5043821296607852
2023_3163_3355,0.8168898740158453
2023_3166_3355,0.6105308835543038
2023_3179_3355,0.4917102398147956
2023_3180_3355,0.36750512261895124
2023_3181_3355,0.6256101691695634
2023_3186_3355,0.39532849501631195
2023_3193_3355,0.39124192928283846
2023_3195_3355,0.48108036652583486
2023_3199_3355,0.6075529846102943
2023_3211_3355,0.7436405622023896
2023_3221_3355,0.3499545537330394
2023_3231_3355,0.8133300141440571
2023_3234_3355,0.8666619956119535
2023_3235_3355,0.59348455473783
2023_3238_3355,0.34874377624331315
2023_3242_3355,0.5740862310938097
2023_3243_3355,0.7477845053836436
2023_3245_3355,0.45738512971635753
2023_3257_3355,0.637232022376477
2023_3261_3355,0.8257503108628684
2023_3263_3355,0.3589098239169881
2023_3266_3355,0.5698730064465861
2023_3267_3355,0.4152522596363813
2023_3268_3355,0.6059935019913033
2023_3276_3355,0.5659812049374711
2023_3277_3355,0.5788030181539658
2023_3279_3355,0.6222212032107145
2023_3292_3355,0.5092960980441953
2023_3301_3355,0.8043158099743828
2023_3304_3355,0.5762286679062472
2023_3313_3355,0.3418413791592407
2023_3314_3355,0.6082654490885407
2023_3323_3355,0.8067229461379148
2023_3326_3355,0.8155967136697699
2023_3328_3355,0.7414876389201771
2023_3333_3355,0.7695029678647847
2023_3339_3355,0.4414200943948719
2023_3342_3355,0.2809501907055819
2023_3343_3355,0.5474218727336222
2023_3349_3355,0.4195239811507454
2023_3350_3355,0.4840450651602457
2023_3104_3376,0.11876202848277287
2023_3112_3376,0.1696268521373998
2023_3124_3376,0.14972635898134978
2023_3151_3376,0.029181162859037657
2023_3160_3376,0.16564649954470081
2023_3162_3376,0.08363814350288401
2023_3163_3376,0.2734760594492668
2023_3166_3376,0.24218238791723534
2023_3179_3376,0.07844108477170005
2023_3180_3376,0.024940701671053563
2023_3181_3376,0.25570672314772647
2023_3186_3376,0.0342898444267638
2023_3193_3376,0.054282559652031
2023_3195_3376,0.07434725855235277
2023_3199_3376,0.14227486218987254
2023_3211_3376,0.2073041375997328
2023_3221_3376,0.0222025739064254
2023_3231_3376,0.26919230465512933
2023_3234_3376,0.41044171656077577
2023_3235_3376,0.22864473050202522
2023_3238_3376,0.023273241808251192
2023_3242_3376,0.10613606153190717
2023_3243_3376,0.20983266885951515
2023_3245_3376,0.05269781646445143
2023_3257_3376,0.1607633531617629
2023_3261_3376,0.2849787729178692
2023_3263_3376,0.025543872636804327
2023_3266_3376,0.12553754071146417
2023_3267_3376,0.06062843308285106
2023_3268_3376,0.15144876790187922
2023_3276_3376,0.11717313304778698
2023_3277_3376,0.12416352555563746
2023_3279_3376,0.2525268304387144
2023_3292_3376,0.11542579192319816
2023_3301_3376,0.25869568722524505
2023_3304_3376,0.112398551341802
2023_3313_3376,0.021858965625173823
2023_3314_3376,0.12590325260677696
2023_3323_3376,0.3381754636427944
2023_3326_3376,0.3483823985379945
2023_3328_3376,0.15109569829432606
2023_3333_3376,0.2251778768434445
2023_3339_3376,0.06835976322704182
2023_3342_3376,0.013007441361571783
2023_3343_3376,0.10802114041603264
2023_3349_3376,0.040868371733255214
2023_3350_3376,0.08317034172571273
2023_3355_3376,0.08180320096332648
2023_3104_3390,0.2121667671974411
2023_3112_3390,0.15935193525909816
2023_3124_3390,0.4244485958955475
2023_3151_3390,0.05055328337916304
2023_3160_3390,0.44677255247537595
2023_3162_3390,0.17456251043463816
2023_3163_3390,0.45941610332130683
2023_3166_3390,0.28951396315326683
2023_3179_3390,0.1665630429243314
2023_3180_3390,0.09027170362205716
2023_3181_3390,0.30528540193218
2023_3186_3390,0.059024690349955666
2023_3193_3390,0.0826872462815125
2023_3195_3390,0.1601886296504914
2023_3199_3390,0.5887858861964643
2023_3211_3390,0.3493424021943707
2023_3221_3390,0.08365683917266285
2023_3231_3390,0.43166502578143157
2023_3234_3390,0.5468627686588869
2023_3235_3390,0.27329196053528365
2023_3238_3390,0.04056475949182721
2023_3242_3390,0.1903563418032641
2023_3243_3390,0.3529775642399352
2023_3245_3390,0.062334212403880186
2023_3257_3390,0.32211472235685823
2023_3261_3390,0.47220373571246166
2023_3263_3390,0.03137083443688271
2023_3266_3390,0.22184007159037938
2023_3267_3390,0.09320653613188729
2023_3268_3390,0.25455171525759923
2023_3276_3390,0.5496845321533761
2023_3277_3390,0.5612291835260973
2023_3279_3390,0.301642827834979
2023_3292_3390,0.0993407192614033
2023_3301_3390,0.44247717221243754
2023_3304_3390,0.2589607271225072
2023_3313_3390,0.026975447165496443
2023_3314_3390,0.22470648367021473
2023_3323_3390,0.4684805644412818
2023_3326_3390,0.48096675388480015
2023_3328_3390,0.4264774169493643
2023_3333_3390,0.40178130029733844
2023_3339_3390,0.10576592641921667
2023_3342_3390,0.06088319389645438
2023_3343_3390,0.5345404835000542
2023_3349_3390,0.06980468665650745
2023_3350_3390,0.16345806329885634
2023_3355_3390,0.17175192505186151
2023_3376_3390,0.6355379712776404
2023_3104_3393,0.4881521207490894
2023_3112_3393,0.41667360234557604
2023_3124_3393,0.6810766338431243
2023_3151_3393,0.30048357519638275
2023_3160_3393,0.7045844792616257
2023_3162_3393,0.3966306000990056
2023_3163_3393,0.6199018410349253
2023_3166_3393,0.33079179345879145
2023_3179_3393,0.38587379733801735
2023_3180_3393,0.12401122295688427
2023_3181_3393,0.34952794042535446
2023_3186_3393,0.31390929561158476
2023_3193_3393,0.3112152522359649
2023_3195_3393,0.3769988346683878
2023_3199_3393,0.5004289096630149
2023_3211_3393,0.644788853697793
2023_3221_3393,0.11329788364896055
2023_3231_3393,0.7321018327521315
2023_3234_3393,0.7894434779135149
2023_3235_3393,0.311901750819727
2023_3238_3393,0.28444924278011535
2023_3242_3393,0.46329478569395105
2023_3243_3393,0.6491409238752456
2023_3245_3393,0.3581628672252874
2023_3257_3393,0.36522608428647474
2023_3261_3393,0.6316190468569136
2023_3263_3393,0.2906778664558507
2023_3266_3393,0.3943833422554517
2023_3267_3393,0.32735380273373776
2023_3268_3393,0.43430288258077593
2023_3276_3393,0.4548671732361034
2023_3277_3393,0.468184151346402
2023_3279_3393,0.3453891606884787
2023_3292_3393,0.3327986523815467
2023_3301_3393,0.6038019909963316
2023_3304_3393,0.2936293513053981
2023_3313_3393,0.2806456904170981
2023_3314_3393,0.5012607034718016
2023_3323_3393,0.6826807200540758
2023_3326_3393,0.6943955945116324
2023_3328_3393,0.6832340915893279
2023_3333_3393,0.5626220492934635
2023_3339_3393,0.346119504829727
2023_3342_3393,0.07492880636771833
2023_3343_3393,0.43625350721002165
2023_3349_3393,0.33034855694690307
2023_3350_3393,0.314918347879202
2023_3355_3393,0.39283038865938963
2023_3376_3393,0.86582029983152
2023_3390_3393,0.7115745806802114
2023_3104_3394,0.9050574004843932
2023_3112_3394,0.7346560434684514
2023_3124_3394,0.9114595163942996
2023_3151_3394,0.5893615080342155
2023_3160_3394,0.9179696271087705
2023_3162_3394,0.6910378551400442
2023_3163_3394,0.9263273829553068
2023_3166_3394,0.9100438425988507
2023_3179_3394,0.6838176180505812
2023_3180_3394,0.5805795813628614
2023_3181_3394,0.915272883526788
2023_3186_3394,0.6109181538620854
2023_3193_3394,0.6069116595680725
2023_3195_3394,0.6775111171492979
2023_3199_3394,0.9089690225042792
2023_3211_3394,0.8997044920104206
2023_3221_3394,0.5588338783555611
2023_3231_3394,0.9246576211028972
2023_3234_3394,0.9732709158220246
2023_3235_3394,0.9037881417748413
2023_3238_3394,0.557324485000658
2023_3242_3394,0.8961150259530442
2023_3243_3394,0.9012152986648461
2023_3245_3394,0.6620865291792728
2023_3257_3394,0.9190844940371158
2023_3261_3394,0.9289398393269315
2023_3263_3394,0.5707282095250104
2023_3266_3394,0.7223568234949423
2023_3267_3394,0.6293694253167108
2023_3268_3394,0.7362038322304403
2023_3276_3394,0.8927927755489407
2023_3277_3394,0.8980627862675532
2023_3279_3394,0.9141250474029577
2023_3292_3394,0.6936984700556376
2023_3301_3394,0.9224901915033306
2023_3304_3394,0.8970176590726193
2023_3313_3394,0.548168287250406
2023_3314_3394,0.9092477965503308
2023_3323_3394,0.9232628764507456
2023_3326_3394,0.9259516808364363
2023_3328_3394,0.912074278049073
2023_3333_3394,0.910940222725819
2023_3339_3394,0.650553536978421
2023_3342_3394,0.43853287861886864
2023_3343_3394,0.8846646050444035
2023_3349_3394,0.6330296531176949
2023_3350_3394,0.6792943161406466
2023_3355_3394,0.6886207651819072
2023_3376_3394,0.9832187243771228
2023_3390_3394,0.9296926942497397
2023_3393_3394,0.908845967606209
2023_3104_3397,0.4821961044575656
2023_3112_3397,0.4111485998718504
2023_3124_3397,0.6752229425769626
2023_3151_3397,0.29820697998382384
2023_3160_3397,0.6987801637388903
2023_3162_3397,0.39144474521005923
2023_3163_3397,0.6145323776949239
2023_3166_3397,0.3253530935830847
2023_3179_3397,0.3808024979571908
2023_3180_3397,0.1211154761737295
2023_3181_3397,0.34367380940123404
2023_3186_3397,0.3104888079570902
2023_3193_3397,0.3078877132517991
2023_3195_3397,0.3721568114790286
2023_3199_3397,0.49443007690334123
2023_3211_3397,0.6388484467966957
2023_3221_3397,0.11074468658700011
2023_3231_3397,0.7263110124584066
2023_3234_3397,0.7840500944872266
2023_3235_3397,0.3060267786336994
2023_3238_3397,0.2819164613620811
2023_3242_3397,0.4574408866077996
2023_3243_3397,0.6430440510797077
2023_3245_3397,0.35322133181524495
2023_3257_3397,0.3587367999928508
2023_3261_3397,0.626378795028724
2023_3263_3397,0.28790603547872895
2023_3266_3397,0.38854093528154887
2023_3267_3397,0.32475471603587336
2023_3268_3397,0.42810517951170585
2023_3276_3397,0.44902628561026786
2023_3277_3397,0.4624193095944214
2023_3279_3397,0.33895226134159445
2023_3292_3397,0.3280183830625645
2023_3301_3397,0.5983499869012704
2023_3304_3397,0.2875627377177975
2023_3313_3397,0.278107194546739
2023_3314_3397,0.4952610012072251
2023_3323_3397,0.6771489169831242
2023_3326_3397,0.6888492196522188
2023_3328_3397,0.6772379448719339
2023_3333_3397,0.557027283219772
2023_3339_3397,0.3418616852529328
2023_3342_3397,0.07367368387598693
2023_3343_3397,0.4305771109077039
2023_3349_3397,0.3265096341392094
2023_3350_3397,0.31003170512085826
2023_3355_3397,0.38771662455872435
2023_3376_3397,0.8617276764140283
2023_3390_3397,0.7062790018046312
2023_3393_3397,0.3219763674204873
2023_3394_3397,0.08932598293060344
2023_3104_3400,0.1925644511623411
2023_3112_3400,0.26507864854887964
2023_3124_3400,0.23715458779961446
2023_3151_3400,0.060982588069019475
2023_3160_3400,0.25762390482769326
2023_3162_3400,0.1486894873759371
2023_3163_3400,0.3800620325912919
2023_3166_3400,0.3402295465411931
2023_3179_3400,0.1396991830854848
2023_3180_3400,0.04601550457465514
2023_3181_3400,0.35793095772630834
2023_3186_3400,0.07113750051453765
2023_3193_3400,0.08968479840759325
2023_3195_3400,0.13256060618797696
2023_3199_3400,0.22428322462112088
2023_3211_3400,0.29113750501341884
2023_3221_3400,0.04050327124971435
2023_3231_3400,0.3711580058396157
2023_3234_3400,0.5170359197604577
2023_3235_3400,0.32165397484944164
2023_3238_3400,0.04911514225307379
2023_3242_3400,0.17451307430041843
2023_3243_3400,0.29479821674159035
2023_3245_3400,0.105463556024681
2023_3257_3400,0.2609832221093602
2023_3261_3400,0.39309163213021786
2023_3263_3400,0.05371727119323545
2023_3266_3400,0.21100960163651164
2023_3267_3400,0.10191023178335458
2023_3268_3400,0.24776732979440327
2023_3276_3400,0.1885564342039736
2023_3277_3400,0.1988988866679029
2023_3279_3400,0.3538387626072451
2023_3292_3400,0.1829297350661206
2023_3301_3400,0.36291987993546615
2023_3304_3400,0.195980363855297
2023_3313_3400,0.04625541069686929
2023_3314_3400,0.20235271252290266
2023_3323_3400,0.4401160893306449
2023_3326_3400,0.45229421113992263
2023_3328_3400,0.2389509249556995
2023_3333_3400,0.320796168922667
2023_3339_3400,0.11637431585170713
2023_3342_3400,0.021329871377615058
2023_3343_3400,0.17451508698267
2023_3349_3400,0.08360823635481195
2023_3350_3400,0.143137951389238
2023_3355_3400,0.14538924253871957
2023_3376_3400,0.6044408876377423
2023_3390_3400,0.46975036223455785
2023_3393_3400,0.22666636469501236
2023_3394_3400,0.02933098178304096
2023_3397_3400,0.2321335475007963
2023_3104_3401,0.5484971895506315
2023_3112_3401,0.5526511559210835
2023_3124_3401,0.6369465935763183
2023_3151_3401,0.3365455594129139
2023_3160_3401,0.6588073863549899
2023_3162_3401,0.4529753136991547
2023_3163_3401,0.6836356483276796
2023_3166_3401,0.39096176218342527
2023_3179_3401,0.4407475742389993
2023_3180_3401,0.330461457643547
2023_3181_3401,0.4082704106285043
2023_3186_3401,0.35373762089280086
2023_3193_3401,0.3502979937409141
2023_3195_3401,0.430649466274175
2023_3199_3401,0.5603508813605359
2023_3211_3401,0.6022018055578424
2023_3221_3401,0.3160548146694708
2023_3231_3401,0.6837162285976967
2023_3234_3401,0.7979999414045567
2023_3235_3401,0.372434844146551
2023_3238_3401,0.3149532674479632
2023_3242_3401,0.5239153624183843
2023_3243_3401,0.6063677536663471
2023_3245_3401,0.4088003628088355
2023_3257_3401,0.6626356764173187
2023_3261_3401,0.6939886660486694
2023_3263_3401,0.3232908405634835
2023_3266_3401,0.5194415578620998
2023_3267_3401,0.3710367603286595
2023_3268_3401,0.5586194809934899
2023_3276_3401,0.5153426422333551
2023_3277_3401,0.5289530937591048
2023_3279_3401,0.40390265419519417
2023_3292_3401,0.4580599159605774
2023_3301_3401,0.6691671731244809
2023_3304_3401,0.6007161294762726
2023_3313_3401,0.30960666357648264
2023_3314_3401,0.5611450855595245
2023_3323_3401,0.8560628698574992
2023_3326_3401,0.8643544446651182
2023_3328_3401,0.6389319802286104
2023_3333_3401,0.6304017422788387
2023_3339_3401,0.3939909645592885
2023_3342_3401,0.26236079611508617
2023_3343_3401,0.49601245419658374
2023_3349_3401,0.3745966575962694
2023_3350_3401,0.43344269668142943
2023_3355_3401,0.44872231939006185
2023_3376_3401,0.8635521360466353
2023_3390_3401,0.8764542372752658
2023_3393_3401,0.6314872754309611
2023_3394_3401,0.2856505295943393
2023_3397_3401,0.6367309619998315
2023_3400_3401,0.7833300892682558
2023_3104_3414,0.6918060103289986
2023_3112_3414,0.6921297732515527
2023_3124_3414,0.7715931874961285
2023_3151_3414,0.49352134205205483
2023_3160_3414,0.7828131425588559
2023_3162_3414,0.6235841589895228
2023_3163_3414,0.915960917095432
2023_3166_3414,0.6981457787077691
2023_3179_3414,0.6130954955945263
2023_3180_3414,0.4844991733080063
2023_3181_3414,0.7072532174590495
2023_3186_3414,0.5181629034435853
2023_3193_3414,0.5134744490225109
2023_3195_3414,0.6040121271905085
2023_3199_3414,0.6962973084113915
2023_3211_3414,0.8893125883174532
2023_3221_3414,0.46141727894499723
2023_3231_3414,0.920410218641483
2023_3234_3414,0.9223711382674363
2023_3235_3414,0.6876579348610067
2023_3238_3414,0.45947702915145106
2023_3242_3414,0.6749084090918803
2023_3243_3414,0.8911300911479823
2023_3245_3414,0.5826802803142634
2023_3257_3414,0.713837401235404
2023_3261_3414,0.9206718747207072
2023_3263_3414,0.4733755270345724
2023_3266_3414,0.6720941536386033
2023_3267_3414,0.5403857275957027
2023_3268_3414,0.6953678098927384
2023_3276_3414,0.6695141157458536
2023_3277_3414,0.6780494996414096
2023_3279_3414,0.7061837346644598
2023_3292_3414,0.6275432292537166
2023_3301_3414,0.9091016867010139
2023_3304_3414,0.67610010174893
2023_3313_3414,0.450251610829207
2023_3314_3414,0.6967377317978565
2023_3323_3414,0.9104653738257645
2023_3326_3414,0.9152645532263514
2023_3328_3414,0.7727061492000704
2023_3333_3414,0.8889721573513489
2023_3339_3414,0.5672809103028263
2023_3342_3414,0.35354638590268644
2023_3343_3414,0.6564550905160437
2023_3349_3414,0.5448831964856745
2023_3350_3414,0.6065635563788101
2023_3355_3414,0.6200082912609876
2023_3376_3414,0.9485001120899712
2023_3390_3414,0.9219820848309375
2023_3393_3414,0.6961026986324603
2023_3394_3414,0.4048881144750003
2023_3397_3414,0.6995080958443497
2023_3400_3414,0.9157670425696355
2023_3401_3414,0.6593404765510706
2023_3104_3417,0.23769688310033393
2023_3112_3417,0.1797263452307184
2023_3124_3417,0.4509089590234321
2023_3151_3417,0.06023296484875687
2023_3160_3417,0.47411316428087935
2023_3162_3417,0.19365108914874635
2023_3163_3417,0.4862328701063256
2023_3166_3417,0.3140067982249601
2023_3179_3417,0.18458008379038318
2023_3180_3417,0.09947569169750851
2023_3181_3417,0.3301619438777387
2023_3186_3417,0.07011790231416275
2023_3193_3417,0.09350886254381786
2023_3195_3417,0.1775383911262685
2023_3199_3417,0.615437191469123
2023_3211_3417,0.373931684245114
2023_3221_3417,0.09168662702887367
2023_3231_3417,0.45931427476630493
2023_3234_3417,0.5729828517501327
2023_3235_3417,0.29665678885975094
2023_3238_3417,0.04849811936061619
2023_3242_3417,0.21470934389865945
2023_3243_3417,0.3778399851694196
2023_3245_3417,0.07322521772331395
2023_3257_3417,0.34885781041802183
2023_3261_3417,0.4988994737273198
2023_3263_3417,0.03739852311635228
2023_3266_3417,0.24424481506053672
2023_3267_3417,0.10571607589714392
2023_3268_3417,0.2792688972936171
2023_3276_3417,0.5732254129470612
2023_3277_3417,0.5851751602629593
2023_3279_3417,0.32638225957496825
2023_3292_3417,0.11469878783507378
2023_3301_3417,0.4690891453428383
2023_3304_3417,0.28248630733593005
2023_3313_3417,0.03213018648192732
2023_3314_3417,0.25020343509225945
2023_3323_3417,0.4961707771536018
2023_3326_3417,0.5087397629750241
2023_3328_3417,0.45296811131097486
2023_3333_3417,0.42712378831928843
2023_3339_3417,0.12017024945397187
2023_3342_3417,0.06460184967060041
2023_3343_3417,0.55677980475567
2023_3349_3417,0.08262128007351527
2023_3350_3417,0.18000580060469354
2023_3355_3417,0.1905211045410458
2023_3376_3417,0.65874881689669
2023_3390_3417,0.5277292790699543
2023_3393_3417,0.31384314319885537
2023_3394_3417,0.07588870479563885
2023_3397_3417,0.3193405464761097
2023_3400_3417,0.5563121084376533
2023_3401_3417,0.14145962413552518
2023_3414_3417,0.08807030043777635
2023_3104_3424,0.5935638414468637
2023_3112_3424,0.5976906544247053
2023_3124_3424,0.6758756578594484
2023_3151_3424,0.37173042020667457
2023_3160_3424,0.6952906454649052
2023_3162_3424,0.5006754998254274
2023_3163_3424,0.7005775206870319
2023_3166_3424,0.6699763633677251
2023_3179_3424,0.4880021739858002
2023_3180_3424,0.36460516599002457
2023_3181_3424,0.683897972179452
2023_3186_3424,0.3922230287587644
2023_3193_3424,0.38815974786683566
2023_3195_3424,0.47741484249459365
2023_3199_3424,0.6043702960106722
2023_3211_3424,0.6440263404808133
2023_3221_3424,0.3472896679352158
2023_3231_3424,0.7167218604196395
2023_3234_3424,0.8562348486473647
2023_3235_3424,0.6542540825352211
2023_3238_3424,0.34590323295603725
2023_3242_3424,0.5706297929057866
2023_3243_3424,0.6479071200453629
2023_3245_3424,0.4537667860755988
2023_3257_3424,0.6988683009933063
2023_3261_3424,0.7094071661262268
2023_3263_3424,0.35612495969239083
2023_3266_3424,0.5665023554439055
2023_3267_3424,0.4118822911085051
2023_3268_3424,0.6028079366221936
2023_3276_3424,0.562465365830884
2023_3277_3424,0.5753867576343097
2023_3279_3424,0.6807667905980346
2023_3292_3424,0.5056077046902149
2023_3301_3424,0.687870931478852
2023_3304_3424,0.6372669461412072
2023_3313_3424,0.3392007117623695
2023_3314_3424,0.6050904722377519
2023_3323_3424,0.8044707588928879
2023_3326_3424,0.8129853345244581
2023_3328_3424,0.6776633980067623
2023_3333_3424,0.6527907771892462
2023_3339_3424,0.43787783612228626
2023_3342_3424,0.27943977525349356
2023_3343_3424,0.5437921003456471
2023_3349_3424,0.4161241656917641
2023_3350_3424,0.48036760781817367
2023_3355_3424,0.49629464326795697
2023_3376_3424,0.9088575845521787
2023_3390_3424,0.8250428539548477
2023_3393_3424,0.6684840864114617
2023_3394_3424,0.3092570017853706
2023_3397_3424,0.6736416886829129
2023_3400_3424,0.8435305316416476
2023_3401_3424,0.5476906497867542
2023_3414_3424,0.37693941750052773
2023_3417_3424,0.8070745275733491
2023_3104_3425,0.21592084355438934
2023_3112_3425,0.2950768757203215
2023_3124_3425,0.26401269078650774
2023_3151_3425,0.07377409862306922
2023_3160_3425,0.2848981146883228
2023_3162_3425,0.17178720274007658
2023_3163_3425,0.40938559508100375
2023_3166_3425,0.3703843118556085
2023_3179_3425,0.161920956909617
2023_3180_3425,0.05455052617296084
2023_3181_3425,0.3885540083919471
2023_3186_3425,0.08552770081514148
2023_3193_3425,0.10375718154384012
2023_3195_3425,0.15400430374132384
2023_3199_3425,0.2498643258699488
2023_3211_3425,0.3182641582479073
2023_3221_3425,0.04798164533509763
2023_3231_3425,0.3995569165427941
2023_3234_3425,0.5462291732901906
2023_3235_3425,0.35123060523275407
2023_3238_3425,0.05968690811780304
2023_3242_3425,0.19443273067664607
2023_3243_3425,0.32204334888801456
2023_3245_3425,0.12534712960531938
2023_3257_3425,0.28996913234828564
2023_3261_3425,0.42190070592678963
2023_3263_3425,0.06516480028455317
2023_3266_3425,0.23909369908135938
2023_3267_3425,0.11802885385462478
2023_3268_3425,0.277490783804738
2023_3276_3425,0.21226779626655895
2023_3277_3425,0.2230588081209334
2023_3279_3425,0.3844045249556983
2023_3292_3425,0.20697145633067981
2023_3301_3425,0.39245308393058076
2023_3304_3425,0.2233420805301215
2023_3313_3425,0.05623627141138349
2023_3314_3425,0.2262293778551776
2023_3323_3425,0.46904283235735156
2023_3326_3425,0.4806298996736923
2023_3328_3425,0.2657583797222106
2023_3333_3425,0.3497998486315718
2023_3339_3425,0.13472018653867163
2023_3342_3425,0.024866473991817354
2023_3343_3425,0.1972235578401204
2023_3349_3425,0.10023470969290796
2023_3350_3425,0.1647646263865162
2023_3355_3425,0.16835242075769044
2023_3376_3425,0.6286531070089776
2023_3390_3425,0.49815865877907106
2023_3393_3425,0.25515839048897665
2023_3394_3425,0.034404966158493394
2023_3397_3425,0.26100934852597263
2023_3400_3425,0.5295203160776466
2023_3401_3425,0.24390655038400844
2023_3414_3425,0.09735890439833396
2023_3417_3425,0.47252994119350494
2023_3424_3425,0.17999756091248534
2023_3104_3428,0.25930689663631074
2023_3112_3428,0.39039650510673646
2023_3124_3428,0.33715273007552077
2023_3151_3428,0.2845351390047786
2023_3160_3428,0.32610507844321157
2023_3162_3428,0.24496414587416354
2023_3163_3428,0.7074145815212615
2023_3166_3428,0.29805653308532454
2023_3179_3428,0.23628334457914726
2023_3180_3428,0.10887467185710921
2023_3181_3428,0.3162609623846682
2023_3186_3428,0.295916879906949
2023_3193_3428,0.2226141086256966
2023_3195_3428,0.22928855417094024
2023_3199_3428,0.6396916434367017
2023_3211_3428,0.4625455338697192
2023_3221_3428,0.09988961905625621
2023_3231_3428,0.544693356797109
2023_3234_3428,0.7564585867564526
2023_3235_3428,0.27896871512185445
2023_3238_3428,0.2711841902380164
2023_3242_3428,0.23534304507247084
2023_3243_3428,0.46637016010011123
2023_3245_3428,0.33414292577727234
2023_3257_3428,0.3303457766577287
2023_3261_3428,0.7204037419846813
2023_3263_3428,0.2763510474339988
2023_3266_3428,0.3618898116227126
2023_3267_3428,0.23629844775748604
2023_3268_3428,0.40035237605544954
2023_3276_3428,0.5952289815847569
2023_3277_3428,0.6081831838651264
2023_3279_3428,0.31212733961776723
2023_3292_3428,0.3035997324241238
2023_3301_3428,0.6898362697372806
2023_3304_3428,0.2604906749711665
2023_3313_3428,0.2679413187572344
2023_3314_3428,0.2717152862154979
2023_3323_3428,0.5205163079551981
2023_3326_3428,0.532939539830179
2023_3328_3428,0.3048958463356649
2023_3333_3428,0.645884375952946
2023_3339_3428,0.25243947777040093
2023_3342_3428,0.06846259107754346
2023_3343_3428,0.5777841820870211
2023_3349_3428,0.3099733059341425
2023_3350_3428,0.2885186072782647
2023_3355_3428,0.2419231190950045
2023_3376_3428,0.8332464090693729
2023_3390_3428,0.5514997767540123
2023_3393_3428,0.29372329934799546
2023_3394_3428,0.08164723139452851
2023_3397_3428,0.2997552018856683
2023_3400_3428,0.7410443521067431
2023_3401_3428,0.33975965873920555
2023_3414_3428,0.21639688954952171
2023_3417_3428,0.5242976042310113
2023_3424_3428,0.30346886492602076
2023_3425_3428,0.714073553204645
2023_3104_3439,0.21958836478838556
2023_3112_3439,0.34850276638298117
2023_3124_3439,0.41669344115237056
2023_3151_3439,0.26780216670831
2023_3160_3439,0.4381175989552649
2023_3162_3439,0.1785174331165781
2023_3163_3439,0.5346455087617897
2023_3166_3439,0.35587059385022374
2023_3179_3439,0.1703976566726337
2023_3180_3439,0.09286247595559213
2023_3181_3439,0.37311560956984635
2023_3186_3439,0.2746633451686628
2023_3193_3439,0.07863052280514775
2023_3195_3439,0.1640212485619988
2023_3199_3439,0.3526262692640485
2023_3211_3439,0.381382109707123
2023_3221_3439,0.08590963922600552
2023_3231_3439,0.46514450456340245
2023_3234_3439,0.6295972516497989
2023_3235_3439,0.3379648961662535
2023_3238_3439,0.2573790222204232
2023_3242_3439,0.1975393438342828
2023_3243_3439,0.38506765219882827
2023_3245_3439,0.3076488537750447
2023_3257_3439,0.2872760783686919
2023_3261_3439,0.5476834245907978
2023_3263_3439,0.26138395266195036
2023_3266_3439,0.3226751778892885
2023_3267_3439,0.0865985060899392
2023_3268_3439,0.35816294612626903
2023_3276_3439,0.3121257585323073
2023_3277_3439,0.3237355260757582
2023_3279_3439,0.36911582833813433
2023_3292_3439,0.2708856192586005
2023_3301_3439,0.5170840986593715
2023_3304_3439,0.22099886245765804
2023_3313_3439,0.25473899122639176
2023_3314_3439,0.23165137936085606
2023_3323_3439,0.5199967922262998
2023_3326_3439,0.5328943686609904
2023_3328_3439,0.41858122012501814
2023_3333_3439,0.47461033214671083
2023_3339_3439,0.0960898949109554
2023_3342_3439,0.0619222879391644
2023_3343_3439,0.2965197627594054
2023_3349_3439,0.28796876191326615
2023_3350_3439,0.26095832042339473
2023_3355_3439,0.17554222720957835
2023_3376_3439,0.7168968596499062
2023_3390_3439,0.5514946685294918
2023_3393_3439,0.25198739463177117
2023_3394_3439,0.07188664792992519
2023_3397_3439,0.2575711448157062
2023_3400_3439,0.6137107108957549
2023_3401_3439,0.3024192532272598
2023_3414_3439,0.07509669745584022
2023_3417_3439,0.5237798939584128
2023_3424_3439,0.27139003571964354
2023_3425_3439,0.5849745189246969
2023_3428_3439,0.43958271857734316
2023_3104_3452,0.5054704077296662
2023_3112_3452,0.5101149646794091
2023_3124_3452,0.7214073618189488
2023_3151_3452,0.30971371486918664
2023_3160_3452,0.74448062417637
2023_3162_3452,0.4227828494267999
2023_3163_3452,0.7772384443328283
2023_3166_3452,0.5212045075937181
2023_3179_3452,0.4006332623613485
2023_3180_3452,0.13282989255185246
2023_3181_3452,0.5392070442661636
2023_3186_3452,0.3253077246848259
2023_3193_3452,0.32134148008890995
2023_3195_3452,0.3914606699349364
2023_3199_3452,0.516327814172213
2023_3211_3452,0.6835439119662987
2023_3221_3452,0.12113927853715721
2023_3231_3452,0.7696177168272194
2023_3234_3452,0.8240938965210952
2023_3235_3452,0.501682588815338
2023_3238_3452,0.29221633765223004
2023_3242_3452,0.48046339799064863
2023_3243_3452,0.6876403916100375
2023_3245_3452,0.3715950252856025
2023_3257_3452,0.5535803593326984
2023_3261_3452,0.7785893438889502
2023_3263_3452,0.2990280029569116
2023_3266_3452,0.4759780374525515
2023_3267_3452,0.33873806185174066
2023_3268_3452,0.5159235072898949
2023_3276_3452,0.4741264181446074
2023_3277_3452,0.4866725202118618
2023_3279_3452,0.5350988153846108
2023_3292_3452,0.41639013487219
2023_3301_3452,0.7607055932516003
2023_3304_3452,0.48275899385458326
2023_3313_3452,0.28778958025365353
2023_3314_3452,0.5185599973387083
2023_3323_3452,0.7638476313425914
2023_3326_3452,0.7759577986044721
2023_3328_3452,0.7235061312533716
2023_3333_3452,0.7177374259974718
2023_3339_3452,0.3588007131822094
2023_3342_3452,0.07879847230894384
2023_3343_3452,0.456649867394421
2023_3349_3452,0.3419433562992729
2023_3350_3452,0.394328964413678
2023_3355_3452,0.4080351409353406
2023_3376_3452,0.8841180806638663
2023_3390_3452,0.7926927732272296
2023_3393_3452,0.5173062083387676
2023_3394_3452,0.0967841741370486
2023_3397_3452,0.5232743613927141
2023_3400_3452,0.8117637539344408
2023_3401_3452,0.45679218155175455
2023_3414_3452,0.31335221395085233
2023_3417_3452,0.767400503288639
2023_3424_3452,0.41129121501372523
2023_3425_3452,0.7882827054304806
2023_3428_3452,0.7460155715047031
2023_3439_3452,0.7859796131968817
2023_3104_3453,0.6163737369217439
2023_3112_3453,0.6194094118109559
2023_3124_3453,0.7017160530518375
2023_3151_3453,0.39362917010962606
2023_3160_3453,0.719552830399783
2023_3162_3453,0.526989915319455
2023_3163_3453,0.7356664692726792
2023_3166_3453,0.4561062129699373
2023_3179_3453,0.5143844982164041
2023_3180_3453,0.3859043722522574
2023_3181_3453,0.4704080121528118
2023_3186_3453,0.4155383650462807
2023_3193_3453,0.41126087650019194
2023_3195_3453,0.5037644696376007
2023_3199_3453,0.6264697780137238
2023_3211_3453,0.67198989970867
2023_3221_3453,0.3670332128188363
2023_3231_3453,0.7390304480013046
2023_3234_3453,0.8506203842002786
2023_3235_3453,0.4404174075546434
2023_3238_3453,0.36550518493115236
2023_3242_3453,0.5949490396368496
2023_3243_3453,0.6756388276114716
2023_3245_3453,0.47979032572856295
2023_3257_3453,0.7171786409944578
2023_3261_3453,0.7435099690794688
2023_3263_3453,0.37669924980105934
2023_3266_3453,0.5907184646300274
2023_3267_3453,0.4363891557635104
2023_3268_3453,0.6247459879650126
2023_3276_3453,0.587033559415951
2023_3277_3453,0.5991487760177397
2023_3279_3453,0.46729040931772436
2023_3292_3453,0.5316324060840373
2023_3301_3453,0.7244827286781803
2023_3304_3453,0.665120859016902
2023_3313_3453,0.3583105880753509
2023_3314_3453,0.6271473629637511
2023_3323_3453,0.9007662418886875
2023_3326_3453,0.9072323453281064
2023_3328_3453,0.7033551098226134
2023_3333_3453,0.6937540729072719
2023_3339_3453,0.46346812876813853
2023_3342_3453,0.2908075076075893
2023_3343_3453,0.5691365478932006
2023_3349_3453,0.44084170242568954
2023_3350_3453,0.5067221465430305
2023_3355_3453,0.5226447646806665
2023_3376_3453,0.8975966920412659
2023_3390_3453,0.9162377255771149
2023_3393_3453,0.6917746818601436
2023_3394_3453,0.32436438765311365
2023_3397_3453,0.6961777759482901
2023_3400_3453,0.839414941975993
2023_3401_3453,0.572397997114689
2023_3414_3453,0.39924092034737824
2023_3417_3453,0.902840598800134
2023_3424_3453,0.5263182416709894
2023_3425_3453,0.8177668459271855
2023_3428_3453,0.7206887569897471
2023_3439_3453,0.7495574299147074
2023_3452_3453,0.6117352408763967
2023_3104_3465,0.6749983385045317
2023_3112_3465,0.6778714023838621
2023_3124_3465,0.6872150030338089
2023_3151_3465,0.4686655104937445
2023_3160_3465,0.6999813543682463
2023_3162_3465,0.6025244018564047
2023_3163_3465,0.7171982714726183
2023_3166_3465,0.6847092484707782
2023_3179_3465,0.5902295980051447
2023_3180_3465,0.45974843578439345
2023_3181_3465,0.6946384278332115
2023_3186_3465,0.49320150441099725
2023_3193_3465,0.48850152628169635
2023_3195_3465,0.5816905602832677
2023_3199_3465,0.6824694860066217
2023_3211_3465,0.6650090199415706
2023_3221_3465,0.4372348270433062
2023_3231_3465,0.7133857980315423
2023_3234_3465,0.9336633702889512
2023_3235_3465,0.6726123323676725
2023_3238_3465,0.4353568367639457
2023_3242_3465,0.6585879836401003
2023_3243_3465,0.667147242682817
2023_3245_3465,0.5591822010857598
2023_3257_3465,0.7023421493612391
2023_3261_3465,0.7222714802410892
2023_3263_3465,0.44886817888532876
2023_3266_3465,0.6552596484761165
2023_3267_3465,0.5155869512803162
2023_3268_3465,0.6814616644759182
2023_3276_3465,0.652488570488254
2023_3277_3465,0.6621224488541868
2023_3279_3465,0.6923912935193434
2023_3292_3465,0.6067300866520016
2023_3301_3465,0.7092203474231721
2023_3304_3465,0.6601390725348403
2023_3313_3465,0.42685747784923883
2023_3314_3465,0.6829623190070236
2023_3323_3465,0.9473549065541709
2023_3326_3465,0.9512552220477981
2023_3328_3465,0.6883869376122804
2023_3333_3465,0.6863402509369616
2023_3339_3465,0.5432273055416309
2023_3342_3465,0.3360188403534593
2023_3343_3465,0.6381526495626227
2023_3349_3465,0.5202299517629035
2023_3350_3465,0.5843810990743242
2023_3355_3465,0.598714530980555
2023_3376_3465,0.9641609271047952
2023_3390_3465,0.9566119321282154
2023_3393_3465,0.6823285222214619
2023_3394_3465,0.3833016936172282
2023_3397_3465,0.6856967988897358
2023_3400_3465,0.9260174130660452
2023_3401_3465,0.6412194702731048
2023_3414_3465,0.4750691620687068
2023_3417_3465,0.9483060966771677
2023_3424_3465,0.6019082054458514
2023_3425_3465,0.9109135117355432
2023_3428_3465,0.700780683632104
2023_3439_3465,0.7205330632225515
2023_3452_3465,0.6714681168841817
2023_3453_3465,0.5782645111529306
